{
  "config": {
    "11": {
      "x": -0.35921464886201654,
      "y": 1.135889508127885,
      "z": 2.7218590278013175,
      "direction_vector": [
        0.04769290812642565, -0.20322516905581844, -0.948247444594971
      ]
    },
    "12": {
      "x": 2.606778384921937,
      "y": 0.716572674900733,
      "z": 1.7708587926100265,
      "direction_vector": [
        -0.47669580309771575, -0.10676700833181164, -0.8713439221946536
      ]
    }
  }
}
