{
  "config": {
    "10": {
      "x": -0.25940450727039499,
      "y": 0.17171350586260453,
      "z": 3.360928855922217,
      "direction_vector": [
        0.014569265620203761, 0.16207879615428725, -0.9866506682260493
      ]
    },
    "30": {
      "x": -1.0,
      "y": 0.7390559793882,
      "z": 2.5,
      "direction_vector": [
        0.7348371390175821, -0.009521577712251367, -0.6781749328334014
      ]
    }
  }
}
