{
  "config": {
    "11": {
      "x": -0.19383258436172301,
      "y": 0.3523404795499104,
      "z": 2.6891981053039884,
      "direction_vector": [
        0.034734686359384384, 0.09612799602536522, -0.994759940950026
      ]
    }
  }
}
