{
  "config": {
    "11": {
      "x": -0.3126715834636058,
      "y": 0.48619920933998106,
      "z": 3.087870754100037,
      "direction_vector": [
        0.05430650110679995, 0.028837885540729295, -0.9980979204685644
      ]
    },
    "12": {
      "x": 1.619155986472035,
      "y": 0.3783407183832606,
      "z": 2.72254899832111,
      "direction_vector": [
        -0.0961225370731955, 0.06562282959022629, -0.9931970908863038
      ]
    }
  }
}
