{
  "config": {
    "8": {
      "x": -0.1547589706576078,
      "y": 0.09727338393210627,
      "z": 0.5773781620534116,
      "direction_vector": [
        -0.0017374808026311367, 0.028961483334114455, -0.9995771872352044
      ]
    },
    "11": {
      "x": 0.2010661612327307,
      "y": 0.07557453366451124,
      "z": 0.5670588367971242,
      "direction_vector": [
        -0.02249510340408671, 0.04701350704126852, -0.9986402217593215
      ]
    }
  }
}
