{
  "tags": {
    "all": [6],
    "metadata": {
      "6": {
        "side_size_cm": 17,
        "depth_m": 0.9398,
        "left_bottom": {
          "x_translation_m": -0.1842,
          "y_translation_m": 0.0762
        },
        "center": {
          "x_translation_m": -0.1016,
          "y_translation_m": 0.1651
        },
        "pixel_corners": [
          [325.20846558, 290.58465576],
          [407.68933105, 288.7762146],
          [405.90567017, 206.53056335],
          [323.26226807, 208.2794342]
        ]
      }
    }
  }
}
