{
  "pose_id": 5,
  "timestamp": 1754047832.486295,
  "image_filename": "apriltag_pose_005.png",
  "pose": {
    "position": [
      -2.0,
      0.0,
      8.0
    ],
    "rotation_matrix": [
      [
        0.984807753012208,
        0.0,
        -0.17364817766693033
      ],
      [
        0.0,
        1.0,
        0.0
      ],
      [
        0.17364817766693033,
        0.0,
        0.984807753012208
      ]
    ]
  },
  "camera": {
    "position": {
      "x": 0,
      "y": 0,
      "z": -5
    },
    "target": "apriltag"
  },
  "apriltag": {
    "scale": 1.0,
    "source_image": "apriltag.png"
  }
}