{
  "pose_id": 3,
  "timestamp": 1754047832.319662,
  "image_filename": "apriltag_pose_003.png",
  "pose": {
    "position": [
      -2.0,
      0.0,
      5.0
    ],
    "rotation_matrix": [
      [
        0.5000000000000001,
        0.0,
        0.8660254037844386
      ],
      [
        0.0,
        1.0,
        0.0
      ],
      [
        -0.8660254037844386,
        0.0,
        0.5000000000000001
      ]
    ]
  },
  "camera": {
    "position": {
      "x": 0,
      "y": 0,
      "z": -5
    },
    "target": "apriltag"
  },
  "apriltag": {
    "scale": 1.0,
    "source_image": "apriltag.png"
  }
}