{
  "camera_params": {
    "camera_matrix": [
      [740.6950655003582, 0.0, 295.69795752390183],
      [0.0, 741.9732123831283, 224.70956423612625],
      [0.0, 0.0, 1.0]
    ],
    "dist_coeff": [
      -0.5359955652372115, 0.21257512505661816, 0.014014543979546793,
      0.003839860556522773, 0.3217141815105625
    ]
  },
  "world_pos": {
    "position": {
      "x": 0.0,
      "y": 0.0,
      "z": 0.0
    },
    "direction_vector": {
      "x": 0.0,
      "y": 0.0,
      "z": -1.0
    }
  },
  "tag_size_m": 0.16
}
