{
  "camera_params": {
    "camera_matrix": [
      [235.33329217, 0.0, 316.90720596],
      [0.0, 235.35214724, 229.1143798],
      [0.0, 0.0, 1.0]
    ],
    "dist_coeff": [0.00949906, -0.03209404, 0.00047645, 0.00056713, 0.00574621]
  },
  "world_pos": {
    "position": {
      "x": 0.0,
      "y": 0.0,
      "z": 0.0
    },
    "direction_vector": {
      "x": 0.0,
      "y": 0.0,
      "z": -1.0
    }
  },
  "tag_size_m": 0.16
}
