{
  "camera_params": {
    "camera_matrix": [
      [582.60632078, 0.0, 352.39906585],
      [0.0, 586.62228744, 242.78557652],
      [0.0, 0.0, 1.0]
    ],
    "dist_coeff": [
      -0.31413388, -0.08118998, -0.00139866, -0.00150931, 0.31581663
    ]
  },
  "world_pos": {
    "position": {
      "x": 0.0,
      "y": 0.0,
      "z": 0.0
    },
    "direction_vector": {
      "x": 0.0,
      "y": 0.0,
      "z": -1.0
    }
  },
  "tag_size_m": 0.16
}
