{
  "camera_params": {
    "camera_matrix": [
      [714.3657467427181, 0.0, 287.53860848736053],
      [0.0, 717.6147860101706, 265.401578402327],
      [0.0, 0.0, 1.0]
    ],
    "dist_coeff": [
      -0.4868060470989732, 0.11666111049150646, -0.002602028212347974,
      0.0019306561102483734, 0.4520188231908469
    ]
  },
  "world_pos": {
    "position": {
      "x": 0.0,
      "y": 0.0,
      "z": 0.0
    },
    "direction_vector": {
      "x": 0.0,
      "y": 0.0,
      "z": -1.0
    }
  },
  "tag_size_m": 0.16
}
